{"cameraMode":{"drawMode":0,"name":"Shaded","section":"Shading Mode"},"sceneLighting":true,"audioPlay":false,"sceneViewState":{"m_AlwaysRefresh":false,"showFog":true,"showSkybox":true,"showFlares":true,"showImageEffects":true,"showParticleSystems":true,"showVisualEffectGraphs":true,"m_FxEnabled":true},"in2DMode":false,"pivot":{"x":-10.399107933044434,"y":-19.874526977539064,"z":-17.893095016479493},"rotation":{"x":0.03452229127287865,"y":-0.06491534411907196,"z":0.002246820367872715,"w":0.9972925186157227},"size":0.01614890992641449,"orthographic":false}